<?xml version="1.0" encoding="UTF-8"?>
<project version="4">
  <component name="ChangeListManager">
    <list default="true" id="d7318ee1-6348-45c1-a0b1-4c9f678dc0db" name="Default" comment="">
      <change type="MODIFICATION" beforePath="$PROJECT_DIR$/.idea/AngTest.iml" afterPath="$PROJECT_DIR$/.idea/AngTest.iml" />
      <change type="MODIFICATION" beforePath="$PROJECT_DIR$/.idea/jsLibraryMappings.xml" afterPath="$PROJECT_DIR$/.idea/jsLibraryMappings.xml" />
      <change type="MODIFICATION" beforePath="$PROJECT_DIR$/.idea/vcs.xml" afterPath="$PROJECT_DIR$/.idea/vcs.xml" />
      <change type="MODIFICATION" beforePath="$PROJECT_DIR$/.idea/workspace.xml" afterPath="$PROJECT_DIR$/.idea/workspace.xml" />
    </list>
    <ignored path="AngTest.iws" />
    <ignored path=".idea/workspace.xml" />
    <option name="TRACKING_ENABLED" value="true" />
    <option name="SHOW_DIALOG" value="false" />
    <option name="HIGHLIGHT_CONFLICTS" value="true" />
    <option name="HIGHLIGHT_NON_ACTIVE_CHANGELIST" value="false" />
    <option name="LAST_RESOLUTION" value="IGNORE" />
  </component>
  <component name="ChangesViewManager" flattened_view="true" show_ignored="false" />
  <component name="CreatePatchCommitExecutor">
    <option name="PATCH_PATH" value="" />
  </component>
  <component name="DaemonCodeAnalyzer">
    <disable_hints />
  </component>
  <component name="ExecutionTargetManager" SELECTED_TARGET="default_target" />
  <component name="FavoritesManager">
    <favorites_list name="AngTest" />
  </component>
  <component name="FileEditorManager">
    <leaf>
      <file leaf-file-name="index.html" pinned="false" current="false" current-in-tab="false">
        <entry file="file://$PROJECT_DIR$/app/index.html">
          <provider selected="true" editor-type-id="text-editor">
            <state line="14" column="26" selection-start="579" selection-end="579" vertical-scroll-proportion="0.0" vertical-offset="210" max-vertical-offset="825">
              <folding />
            </state>
          </provider>
        </entry>
      </file>
      <file leaf-file-name="nav.html" pinned="false" current="false" current-in-tab="false">
        <entry file="file://$PROJECT_DIR$/app/partials/nav.html">
          <provider selected="true" editor-type-id="text-editor">
            <state line="7" column="29" selection-start="414" selection-end="414" vertical-scroll-proportion="0.0" vertical-offset="105" max-vertical-offset="300">
              <folding />
            </state>
          </provider>
        </entry>
      </file>
      <file leaf-file-name="directives.js" pinned="false" current="false" current-in-tab="false">
        <entry file="file://$PROJECT_DIR$/app/js/directives.js">
          <provider selected="true" editor-type-id="text-editor">
            <state line="13" column="0" selection-start="253" selection-end="253" vertical-scroll-proportion="0.0" vertical-offset="195" max-vertical-offset="495">
              <folding />
            </state>
          </provider>
        </entry>
      </file>
      <file leaf-file-name="app.js" pinned="false" current="false" current-in-tab="false">
        <entry file="file://$PROJECT_DIR$/app/js/app.js">
          <provider selected="true" editor-type-id="text-editor">
            <state line="18" column="73" selection-start="776" selection-end="776" vertical-scroll-proportion="0.0" vertical-offset="270" max-vertical-offset="480">
              <folding />
            </state>
          </provider>
        </entry>
      </file>
      <file leaf-file-name="products-gallery.html" pinned="false" current="false" current-in-tab="false">
        <entry file="file://$PROJECT_DIR$/app/partials/products-gallery.html">
          <provider selected="true" editor-type-id="text-editor">
            <state line="0" column="0" selection-start="0" selection-end="0" vertical-scroll-proportion="0.0" vertical-offset="0" max-vertical-offset="420">
              <folding />
            </state>
          </provider>
        </entry>
      </file>
      <file leaf-file-name="controllers.js" pinned="false" current="true" current-in-tab="true">
        <entry file="file://$PROJECT_DIR$/app/js/controllers.js">
          <provider selected="true" editor-type-id="text-editor">
            <state line="44" column="35" selection-start="1319" selection-end="1319" vertical-scroll-proportion="0.72408295" vertical-offset="206" max-vertical-offset="1155">
              <folding />
            </state>
          </provider>
        </entry>
      </file>
      <file leaf-file-name="products-gallaery.html" pinned="false" current="false" current-in-tab="false">
        <entry file="file://$PROJECT_DIR$/app/partials/products-gallaery.html">
          <provider selected="true" editor-type-id="text-editor">
            <state line="0" column="49" selection-start="33" selection-end="49" vertical-scroll-proportion="0.0" vertical-offset="0" max-vertical-offset="420">
              <folding />
            </state>
          </provider>
        </entry>
      </file>
    </leaf>
  </component>
  <component name="FindManager">
    <FindUsagesManager>
      <setting name="OPEN_NEW_TAB" value="false" />
    </FindUsagesManager>
  </component>
  <component name="Git.Settings">
    <option name="RECENT_GIT_ROOT_PATH" value="$PROJECT_DIR$" />
  </component>
  <component name="GitLogSettings">
    <option name="myDateState">
      <MyDateState />
    </option>
  </component>
  <component name="IdeDocumentHistory">
    <option name="changedFiles">
      <list>
        <option value="$PROJECT_DIR$/scripts/web-server-html5.js" />
        <option value="$PROJECT_DIR$/test/server.js" />
        <option value="$PROJECT_DIR$/.gitignore" />
        <option value="$PROJECT_DIR$/README.md" />
        <option value="$PROJECT_DIR$/app/partials/product-gallary.html" />
        <option value="$PROJECT_DIR$/app/partials/product-gallery.html" />
        <option value="$PROJECT_DIR$/app/partials/productsgallaery.html" />
        <option value="$PROJECT_DIR$/package.json" />
        <option value="$PROJECT_DIR$/server.js" />
        <option value="$PROJECT_DIR$/app/css/app.css" />
        <option value="$PROJECT_DIR$/app/index.html" />
        <option value="$PROJECT_DIR$/app/js/directives.js" />
        <option value="$PROJECT_DIR$/app/partials/products-gallaery.html" />
        <option value="$PROJECT_DIR$/app/partials/nav.html" />
        <option value="$PROJECT_DIR$/app/js/app.js" />
        <option value="$PROJECT_DIR$/app/js/controllers.js" />
      </list>
    </option>
  </component>
  <component name="ProjectFrameBounds">
    <option name="width" value="1680" />
    <option name="height" value="1050" />
  </component>
  <component name="ProjectLevelVcsManager" settingsEditedManually="true">
    <OptionsSetting value="true" id="Add" />
    <OptionsSetting value="true" id="Remove" />
    <OptionsSetting value="true" id="Checkout" />
    <OptionsSetting value="true" id="Update" />
    <OptionsSetting value="true" id="Status" />
    <OptionsSetting value="true" id="Edit" />
    <ConfirmationsSetting value="0" id="Add" />
    <ConfirmationsSetting value="0" id="Remove" />
  </component>
  <component name="ProjectReloadState">
    <option name="STATE" value="0" />
  </component>
  <component name="ProjectView">
    <navigator currentView="ProjectPane" proportions="" version="1" splitterProportion="0.5">
      <flattenPackages />
      <showMembers />
      <showModules />
      <showLibraryContents />
      <hideEmptyPackages />
      <abbreviatePackageNames />
      <autoscrollToSource />
      <autoscrollFromSource />
      <sortByType />
    </navigator>
    <panes>
      <pane id="Scope" />
      <pane id="ProjectPane">
        <subPane>
          <PATH>
            <PATH_ELEMENT>
              <option name="myItemId" value="AngTest" />
              <option name="myItemType" value="com.intellij.ide.projectView.impl.nodes.ProjectViewProjectNode" />
            </PATH_ELEMENT>
          </PATH>
          <PATH>
            <PATH_ELEMENT>
              <option name="myItemId" value="AngTest" />
              <option name="myItemType" value="com.intellij.ide.projectView.impl.nodes.ProjectViewProjectNode" />
            </PATH_ELEMENT>
            <PATH_ELEMENT>
              <option name="myItemId" value="AngTest" />
              <option name="myItemType" value="com.intellij.ide.projectView.impl.nodes.PsiDirectoryNode" />
            </PATH_ELEMENT>
          </PATH>
          <PATH>
            <PATH_ELEMENT>
              <option name="myItemId" value="AngTest" />
              <option name="myItemType" value="com.intellij.ide.projectView.impl.nodes.ProjectViewProjectNode" />
            </PATH_ELEMENT>
            <PATH_ELEMENT>
              <option name="myItemId" value="AngTest" />
              <option name="myItemType" value="com.intellij.ide.projectView.impl.nodes.PsiDirectoryNode" />
            </PATH_ELEMENT>
            <PATH_ELEMENT>
              <option name="myItemId" value="app" />
              <option name="myItemType" value="com.intellij.ide.projectView.impl.nodes.PsiDirectoryNode" />
            </PATH_ELEMENT>
          </PATH>
          <PATH>
            <PATH_ELEMENT>
              <option name="myItemId" value="AngTest" />
              <option name="myItemType" value="com.intellij.ide.projectView.impl.nodes.ProjectViewProjectNode" />
            </PATH_ELEMENT>
            <PATH_ELEMENT>
              <option name="myItemId" value="AngTest" />
              <option name="myItemType" value="com.intellij.ide.projectView.impl.nodes.PsiDirectoryNode" />
            </PATH_ELEMENT>
            <PATH_ELEMENT>
              <option name="myItemId" value="app" />
              <option name="myItemType" value="com.intellij.ide.projectView.impl.nodes.PsiDirectoryNode" />
            </PATH_ELEMENT>
            <PATH_ELEMENT>
              <option name="myItemId" value="partials" />
              <option name="myItemType" value="com.intellij.ide.projectView.impl.nodes.PsiDirectoryNode" />
            </PATH_ELEMENT>
          </PATH>
          <PATH>
            <PATH_ELEMENT>
              <option name="myItemId" value="AngTest" />
              <option name="myItemType" value="com.intellij.ide.projectView.impl.nodes.ProjectViewProjectNode" />
            </PATH_ELEMENT>
            <PATH_ELEMENT>
              <option name="myItemId" value="AngTest" />
              <option name="myItemType" value="com.intellij.ide.projectView.impl.nodes.PsiDirectoryNode" />
            </PATH_ELEMENT>
            <PATH_ELEMENT>
              <option name="myItemId" value="app" />
              <option name="myItemType" value="com.intellij.ide.projectView.impl.nodes.PsiDirectoryNode" />
            </PATH_ELEMENT>
            <PATH_ELEMENT>
              <option name="myItemId" value="js" />
              <option name="myItemType" value="com.intellij.ide.projectView.impl.nodes.PsiDirectoryNode" />
            </PATH_ELEMENT>
          </PATH>
          <PATH>
            <PATH_ELEMENT>
              <option name="myItemId" value="AngTest" />
              <option name="myItemType" value="com.intellij.ide.projectView.impl.nodes.ProjectViewProjectNode" />
            </PATH_ELEMENT>
            <PATH_ELEMENT>
              <option name="myItemId" value="AngTest" />
              <option name="myItemType" value="com.intellij.ide.projectView.impl.nodes.PsiDirectoryNode" />
            </PATH_ELEMENT>
            <PATH_ELEMENT>
              <option name="myItemId" value="app" />
              <option name="myItemType" value="com.intellij.ide.projectView.impl.nodes.PsiDirectoryNode" />
            </PATH_ELEMENT>
            <PATH_ELEMENT>
              <option name="myItemId" value="css" />
              <option name="myItemType" value="com.intellij.ide.projectView.impl.nodes.PsiDirectoryNode" />
            </PATH_ELEMENT>
          </PATH>
        </subPane>
      </pane>
    </panes>
  </component>
  <component name="PropertiesComponent">
    <property name="options.splitter.main.proportions" value="0.3" />
    <property name="WebServerToolWindowFactoryState" value="false" />
    <property name="options.lastSelected" value="project.propVCSSupport.Mappings" />
    <property name="last_opened_file_path" value="$PROJECT_DIR$/../angular-ui-test" />
    <property name="FullScreen" value="true" />
    <property name="DefaultHtmlFileTemplate" value="Html5" />
    <property name="options.searchVisible" value="true" />
    <property name="options.splitter.details.proportions" value="0.2" />
  </component>
  <component name="RecentsManager">
    <key name="CopyFile.RECENT_KEYS">
      <recent name="$PROJECT_DIR$/app/partials" />
      <recent name="$PROJECT_DIR$/app/lib/angular-ui" />
      <recent name="$PROJECT_DIR$/app/lib/angular" />
      <recent name="$PROJECT_DIR$/scripts" />
    </key>
    <key name="MoveFile.RECENT_KEYS">
      <recent name="$PROJECT_DIR$" />
    </key>
  </component>
  <component name="RunManager">
    <configuration default="true" type="DartCommandLineRunConfigurationType" factoryName="Dart Command Line Application">
      <option name="VMOptions" />
      <option name="arguments" />
      <option name="filePath" />
      <option name="name" value="Dart" />
      <option name="saveOutputToFile" value="false" />
      <option name="showConsoleOnStdErr" value="false" />
      <option name="showConsoleOnStdOut" value="false" />
      <method />
    </configuration>
    <configuration default="true" type="DartUnitRunConfigurationType" factoryName="DartUnit">
      <option name="VMOptions" />
      <option name="arguments" />
      <option name="filePath" />
      <option name="scope" value="ALL" />
      <option name="testName" />
      <method />
    </configuration>
    <configuration default="true" type="JavaScriptTestRunnerKarma" factoryName="Karma" singleton="true" config-file="">
      <envs />
      <method />
    </configuration>
    <configuration default="true" type="JSTestDriver:ConfigurationType" factoryName="JsTestDriver">
      <setting name="configLocationType" value="CONFIG_FILE" />
      <setting name="settingsFile" value="" />
      <setting name="serverType" value="INTERNAL" />
      <setting name="preferredDebugBrowser" value="CHROME" />
      <method />
    </configuration>
    <configuration default="true" type="JavascriptDebugType" factoryName="JavaScript Debug" singleton="true">
      <method />
    </configuration>
    <configuration default="true" type="NodeJSConfigurationType" factoryName="Node.js" working-dir="">
      <browser start="false" url="" with-js-debugger="false" />
      <method />
    </configuration>
    <list size="0" />
  </component>
  <component name="ShelveChangesManager" show_recycled="false" />
  <component name="SvnConfiguration" maxAnnotateRevisions="500" myUseAcceleration="nothing" myAutoUpdateAfterCommit="false" cleanupOnStartRun="false" SSL_PROTOCOLS="sslv3">
    <option name="USER" value="" />
    <option name="PASSWORD" value="" />
    <option name="mySSHConnectionTimeout" value="30000" />
    <option name="mySSHReadTimeout" value="30000" />
    <option name="LAST_MERGED_REVISION" />
    <option name="MERGE_DRY_RUN" value="false" />
    <option name="MERGE_DIFF_USE_ANCESTRY" value="true" />
    <option name="UPDATE_LOCK_ON_DEMAND" value="false" />
    <option name="IGNORE_SPACES_IN_MERGE" value="false" />
    <option name="CHECK_NESTED_FOR_QUICK_MERGE" value="false" />
    <option name="IGNORE_SPACES_IN_ANNOTATE" value="true" />
    <option name="SHOW_MERGE_SOURCES_IN_ANNOTATE" value="true" />
    <option name="FORCE_UPDATE" value="false" />
    <option name="IGNORE_EXTERNALS" value="false" />
    <myIsUseDefaultProxy>false</myIsUseDefaultProxy>
  </component>
  <component name="TaskManager">
    <task active="true" id="Default" summary="Default task">
      <changelist id="d7318ee1-6348-45c1-a0b1-4c9f678dc0db" name="Default" comment="" />
      <created>1392382876290</created>
      <updated>1392382876290</updated>
    </task>
    <servers />
  </component>
  <component name="ToolWindowManager">
    <frame x="0" y="0" width="1680" height="1050" extended-state="0" />
    <editor active="false" />
    <layout>
      <window_info id="Changes" active="false" anchor="bottom" auto_hide="false" internal_type="DOCKED" type="DOCKED" visible="false" weight="0.33" sideWeight="0.5" order="7" side_tool="false" content_ui="tabs" />
      <window_info id="Terminal" active="false" anchor="bottom" auto_hide="false" internal_type="DOCKED" type="DOCKED" visible="false" weight="0.32958034" sideWeight="0.5" order="7" side_tool="false" content_ui="tabs" />
      <window_info id="TODO" active="false" anchor="bottom" auto_hide="false" internal_type="DOCKED" type="DOCKED" visible="false" weight="0.33" sideWeight="0.5" order="6" side_tool="false" content_ui="tabs" />
      <window_info id="Structure" active="false" anchor="left" auto_hide="false" internal_type="DOCKED" type="DOCKED" visible="false" weight="0.25" sideWeight="0.5" order="1" side_tool="false" content_ui="tabs" />
      <window_info id="Project" active="false" anchor="left" auto_hide="false" internal_type="DOCKED" type="DOCKED" visible="true" weight="0.25" sideWeight="0.38382804" order="0" side_tool="false" content_ui="combo" />
      <window_info id="Debug" active="false" anchor="bottom" auto_hide="false" internal_type="DOCKED" type="DOCKED" visible="false" weight="0.4" sideWeight="0.5" order="3" side_tool="false" content_ui="tabs" />
      <window_info id="Favorites" active="false" anchor="left" auto_hide="false" internal_type="DOCKED" type="DOCKED" visible="true" weight="0.25" sideWeight="0.28659162" order="2" side_tool="true" content_ui="tabs" />
      <window_info id="Event Log" active="false" anchor="bottom" auto_hide="false" internal_type="DOCKED" type="DOCKED" visible="true" weight="0.32958034" sideWeight="0.5" order="7" side_tool="true" content_ui="tabs" />
      <window_info id="Run" active="false" anchor="bottom" auto_hide="false" internal_type="DOCKED" type="DOCKED" visible="false" weight="0.33" sideWeight="0.5" order="2" side_tool="false" content_ui="tabs" />
      <window_info id="Version Control" active="false" anchor="bottom" auto_hide="false" internal_type="DOCKED" type="DOCKED" visible="false" weight="0.33" sideWeight="0.5" order="7" side_tool="false" content_ui="tabs" />
      <window_info id="Cvs" active="false" anchor="bottom" auto_hide="false" internal_type="DOCKED" type="DOCKED" visible="false" weight="0.25" sideWeight="0.5" order="4" side_tool="false" content_ui="tabs" />
      <window_info id="Message" active="false" anchor="bottom" auto_hide="false" internal_type="DOCKED" type="DOCKED" visible="false" weight="0.33" sideWeight="0.5" order="0" side_tool="false" content_ui="tabs" />
      <window_info id="Ant Build" active="false" anchor="right" auto_hide="false" internal_type="DOCKED" type="DOCKED" visible="false" weight="0.25" sideWeight="0.5" order="1" side_tool="false" content_ui="tabs" />
      <window_info id="Find" active="false" anchor="bottom" auto_hide="false" internal_type="DOCKED" type="DOCKED" visible="true" weight="0.32958034" sideWeight="0.5" order="1" side_tool="false" content_ui="tabs" />
      <window_info id="Commander" active="false" anchor="right" auto_hide="false" internal_type="DOCKED" type="DOCKED" visible="false" weight="0.4" sideWeight="0.5" order="0" side_tool="false" content_ui="tabs" />
      <window_info id="Hierarchy" active="false" anchor="right" auto_hide="false" internal_type="DOCKED" type="DOCKED" visible="false" weight="0.25" sideWeight="0.5" order="2" side_tool="false" content_ui="combo" />
      <window_info id="Inspection" active="false" anchor="bottom" auto_hide="false" internal_type="DOCKED" type="DOCKED" visible="false" weight="0.4" sideWeight="0.5" order="5" side_tool="false" content_ui="tabs" />
    </layout>
  </component>
  <component name="VcsContentAnnotationSettings">
    <option name="myLimit" value="2678400000" />
  </component>
  <component name="VcsManagerConfiguration">
    <option name="myTodoPanelSettings">
      <TodoPanelSettings />
    </option>
  </component>
  <component name="XDebuggerManager">
    <breakpoint-manager>
      <option name="time" value="1" />
    </breakpoint-manager>
  </component>
  <component name="editorHistoryManager">
    <entry file="file://$PROJECT_DIR$/app/partials/search.html">
      <provider selected="true" editor-type-id="text-editor">
        <state line="0" column="0" selection-start="0" selection-end="0" vertical-scroll-proportion="0.0" vertical-offset="0" max-vertical-offset="627">
          <folding />
        </state>
      </provider>
    </entry>
    <entry file="file://$PROJECT_DIR$/app/partials/brochurerequest.html">
      <provider selected="true" editor-type-id="text-editor">
        <state line="5" column="5" selection-start="148" selection-end="204" vertical-scroll-proportion="-3.125" vertical-offset="0" max-vertical-offset="165">
          <folding />
        </state>
      </provider>
    </entry>
    <entry file="file://$PROJECT_DIR$/app/partials/home.html">
      <provider selected="true" editor-type-id="text-editor">
        <state line="0" column="0" selection-start="0" selection-end="0" vertical-scroll-proportion="0.0" vertical-offset="0" max-vertical-offset="614">
          <folding />
        </state>
      </provider>
    </entry>
    <entry file="file://$PROJECT_DIR$/app/lib/angular/version.txt">
      <provider selected="true" editor-type-id="text-editor">
        <state line="0" column="0" selection-start="0" selection-end="0" vertical-scroll-proportion="0.0" vertical-offset="0" max-vertical-offset="627">
          <folding />
        </state>
      </provider>
    </entry>
    <entry file="file://$PROJECT_DIR$/LICENSE">
      <provider selected="true" editor-type-id="text-editor">
        <state line="0" column="0" selection-start="0" selection-end="0" vertical-scroll-proportion="0.0" vertical-offset="0" max-vertical-offset="604">
          <folding />
        </state>
      </provider>
    </entry>
    <entry file="file://$PROJECT_DIR$/package.json">
      <provider selected="true" editor-type-id="text-editor">
        <state line="4" column="0" selection-start="141" selection-end="141" vertical-scroll-proportion="-2.5" vertical-offset="0" max-vertical-offset="300">
          <folding />
        </state>
      </provider>
    </entry>
    <entry file="file://$PROJECT_DIR$/app/lib/angular-ui/ui-bootstrap-tpls-0.10.0.min.js">
      <provider selected="true" editor-type-id="text-editor">
        <state line="0" column="0" selection-start="0" selection-end="0" vertical-scroll-proportion="0.0" vertical-offset="0" max-vertical-offset="591">
          <folding />
        </state>
      </provider>
    </entry>
    <entry file="file://$PROJECT_DIR$/server.js">
      <provider selected="true" editor-type-id="text-editor">
        <state line="3" column="44" selection-start="126" selection-end="126" vertical-scroll-proportion="0.0" vertical-offset="0" max-vertical-offset="210">
          <folding />
        </state>
      </provider>
    </entry>
    <entry file="file://$PROJECT_DIR$/app/css/app.css">
      <provider selected="true" editor-type-id="text-editor">
        <state line="157" column="0" selection-start="2384" selection-end="2384" vertical-scroll-proportion="0.0" vertical-offset="1841" max-vertical-offset="2445">
          <folding />
        </state>
      </provider>
    </entry>
    <entry file="file://$PROJECT_DIR$/app/js/directives.js">
      <provider selected="true" editor-type-id="text-editor">
        <state line="13" column="0" selection-start="253" selection-end="253" vertical-scroll-proportion="0.0" vertical-offset="0" max-vertical-offset="495">
          <folding />
        </state>
      </provider>
    </entry>
    <entry file="file://$PROJECT_DIR$/app/index.html">
      <provider selected="true" editor-type-id="text-editor">
        <state line="14" column="26" selection-start="579" selection-end="579" vertical-scroll-proportion="0.0" vertical-offset="210" max-vertical-offset="825">
          <folding />
        </state>
      </provider>
    </entry>
    <entry file="file://$PROJECT_DIR$/app/partials/products-gallaery.html">
      <provider selected="true" editor-type-id="text-editor">
        <state line="0" column="49" selection-start="33" selection-end="49" vertical-scroll-proportion="-0.0" vertical-offset="0" max-vertical-offset="420">
          <folding />
        </state>
      </provider>
    </entry>
    <entry file="file://$PROJECT_DIR$/app/partials/products-gallery.html">
      <provider selected="true" editor-type-id="text-editor">
        <state line="0" column="0" selection-start="0" selection-end="0" vertical-scroll-proportion="0.0" vertical-offset="0" max-vertical-offset="627">
          <folding />
        </state>
      </provider>
    </entry>
    <entry file="file://$PROJECT_DIR$/app/js/app.js">
      <provider selected="true" editor-type-id="text-editor">
        <state line="18" column="73" selection-start="776" selection-end="776" vertical-scroll-proportion="0.0" vertical-offset="0" max-vertical-offset="480">
          <folding />
        </state>
      </provider>
    </entry>
    <entry file="file://$PROJECT_DIR$/app/partials/nav.html">
      <provider selected="true" editor-type-id="text-editor">
        <state line="7" column="29" selection-start="414" selection-end="414" vertical-scroll-proportion="0.0" vertical-offset="105" max-vertical-offset="300">
          <folding />
        </state>
      </provider>
    </entry>
    <entry file="file://$PROJECT_DIR$/app/js/controllers.js">
      <provider selected="true" editor-type-id="text-editor">
        <state line="44" column="35" selection-start="1319" selection-end="1319" vertical-scroll-proportion="0.72408295" vertical-offset="206" max-vertical-offset="1155">
          <folding />
        </state>
      </provider>
    </entry>
  </component>
</project>

